gene_name;extra_nucleotides;amino_acids;accession;functionality;partial
IGHJ1*01;;AEYFQHW;J00256;F; 
IGHJ3*01;t;DAFDVW;J00256;F; 
IGHJ3*02;t;DAFDIW;X86355;F; 
IGHJ4*01;ac;YFDYW;J00256;F; 
IGHJ2*01;c;YWYFDLW;J00256;F; 
IGHJ4*02;ac;YFDYW;X86355;F; 
IGHJ4*03;gc;YFDYW;M25625;F; 
IGHJ5*01;ac;NWFDSW;J00256;F; 
IGHJ5*02;ac;NWFDPW;X86355;F; 
IGHJ6*01;at;YYYYYGMDVW;J00256;F; 
IGHJ6*02;at;YYYYYGMDVW;X86355;F;partial in 3'
IGHJ6*03;at;YYYYYYMDVW;X86356;F;partial in 3'
IGHJ6*04;at;YYYYYGMDVW;AJ879487;F; 
