gene;sequence;anchor_index
X60503|IGHV1-18*02|Homo sapiens|F|V-REGION|142..417|276 nt|1| | | | |276+0=276|partial in 3'| |;caggttcagctggtgcagtctggagctgaggtgaagaagcctggggcctcagtgaaggtctcctgcaaggcttctggttacacctttaccagctatggtatcagctgggtgcgacaggcccctggacaagggcttgagtggatgggatggatcagcgcttacaatggtaacacaaactatgcacagaagctccagggcagagtcaccatgaccacagacacatccacgagcacagcctacatggagctgaggagcctaagatctgacgacacggcc;63
KF698736|IGHV1-38-4*01|Homo sapiens|ORF|V-REGION|391..686|296 nt|1| | | | |296+0=296| | |;caggtccagctggtgcagtcttgggctgaggtgaggaagtctggggcctcagtgaaagtctcctgtagtttttctgggtttaccatcaccagctacggtatacattgggtgcaacagtcccctggacaagggcttgagtggatgggatggatcaaccctggcaatggtagcccaagctatgccaagaagtttcagggcagattcaccatgaccagggacatgtccacaaccacagcctacacagacctgagcagcctgacatctgaggacatggctgtgtattactatgcaaga;63
AB019437|IGHV1-68*01|Homo sapiens|P|V-REGION|129383..129678|296 nt|1| | | | |296+0=296| | |;caggtgcagctggggcagtctgaggctgaggtaaagaagcctggggcctcagtgaaggtctcctgcaaggcttccggatacaccttcacttgctgctccttgcactggttgcaacaggcccctggacaagggcttgaaaggatgagatggatcacactttacaatggtaacaccaactatgcaaagaagttccagggcagagtcaccattaccagggacatgtccctgaggacagcctacatagagctgagcagcctgagatctgaggactcggctgtgtattactgggcaaga;93
X92340|IGHV1-69*03|Homo sapiens|F|V-REGION|133..407|275 nt|1| | | | |275+0=275|partial in 3'| |;caggtgcagctggtgcagtctggggctgaggtgaagaagcctgggtcctcggtgaaggtctcctgcaaggcttctggaggcaccttcagcagctatgctatcagctgggtgcgacaggcccctggacaagggcttgagtggatgggagggatcatccctatctttggtacagcaaactacgcacagaagttccagggcagagtcacgattaccgcggacgaatccacgagcacagcctacatggagctgagcagcctgagatctgatgacacg;63
Z29978|IGHV1-69*07|Homo sapiens|F|V-REGION|1..233|233 nt|3| | | | |233+0=233|partial in 5' and in 3' | |;agaagcctgggtcctcggtgaaggtctcctgcaaggcttctggaggcaccttcagcagctatgctatcagctgggtgcgacaggcccctggacaagggcttgagtggatgggaaggatcatccctatctttggtacagcaaactacgcacagaagttccagggcagagtcacgattaccgcggacgaatccacgagcacagcctacatggagctgagcagcctgagatctg;75
Z29977|IGHV1-69-2*02|Homo sapiens|F|V-REGION|1..233|233 nt|3| | || |233+0=233|partial in 5' and in 3' | |;agaagcctggggctacagtgaaaatctcctgcaaggtttctggatacaccttcaccgactactacatgcactgggtgcaacaggcccctggaaaagggcttgagtggatgggacttgttgatcctgaagatggtgaaacaatatatgcagagaagttccagggcagagtcaccataaccgcggacacgtctacagacacagcctacatggagctgagcagcctgagatctg;75
X92241|IGHV2-70*02|Homo sapiens|F|V-REGION|144..433|290 nt|1| | | | |290+0=290|partial in 3'| |;caggtcaccttgagggagtctggtcctgcgctggtgaaacccacacagaccctcacactgacctgcaccttctctgggttctcactcagcactagtggaatgtgtgtgagctggatccgtcagcccccagggaaggccctggagtggcttgcactcattgattgggatgatgataaatactacagcacatctctgaagaccaggctcaccatctccaaggacacctccaaaaaccaggtggtccttacaatgaccaacatggaccctgtggacacggccgtgtattac;102
X92238|IGHV2-70*03|Homo sapiens|F|V-REGION|144..433|290 nt|1| | | | |290+0=290|partial in 3'| |;caggtcaccttgaaggagtctggtcctgcgctggtgaaacccacacagaccctcacactgacctgcaccttctctgggttctcactcagcactagtggaatgcgtgtgagctggatccgtcagcccccagggaaggccctggagtggcttgcacgcattgattgggatgatgataaattctacagcacatctctgaagaccaggctcaccatctccaaggacacctccaaaaaccaggtggtccttacaatgaccaacatggaccctgtggacacggccgtgtattac;63
X92239|IGHV2-70*06|Homo sapiens|F|V-REGION|144..433|290 nt|1| | | | |290+0=290|partial in 3'| |;caggtcaccttgaaggagtctggtcctgcgctggtgaaacccacacagaccctcacactgacctgcaccttctctgggttctcactcagcactagtggaatgcgtgtgagctggatccgtcagcccccagggaaggccctggagtggcttgcacgcattgattgggatgatgataaattctacagcacatccctgaagaccaggctcaccatctccaaggacacctccaaaaaccaggtggtccttacaatgaccaacatggaccctgtggacacggccgtgtattac;63
X92243|IGHV2-70*07|Homo sapiens|F|V-REGION|144..433|290 nt|1| | | | |290+0=290|partial in 3'| |;caggtcaccttgagggagtctggtcctgcgctggtgaaacccacacagaccctcacactgacctgcaccttctctgggttctcactcagcactagtggaatgtgtgtgagctggatccgtcagcccccggggaaggccctggagtggcttgcactcattgattgggatgatgataaatactacagcacatctctgaagaccaggctcaccatctccaaggacacctccaaaaaccaggtggtccttacaatgaccaacatggaccctgtggacacggccgtgtattac;102
X92245|IGHV2-70*08|Homo sapiens|F|V-REGION|144..433|290 nt|1| | | | |290+0=290|partial in 3'| |;caggtcaccttgagggagtctggtcctgcgctggtgaaacccacacagaccctcacactgacctgcgccttctctgggttctcactcagcactagtggaatgtgtgtgagctggatccgtcagcccccagggaaggccctggagtggcttgcacgcattgattgggatgatgataaatactacagcacatctctgaagaccaggctcaccatctccaaggacacctccaaaaaccaggtggtccttacaatgaccaacatggaccctgtggacacggccgtgtattac;102
AB019439|IGHV3-32*01|Homo sapiens|P|V-REGION|77173..77470|298 nt|1| | | | |298+0=298| | |;gaggtggagctgatagagtccatagaggacctgagacaacctgggaagttcctgagactctcctgtgtagcctctagattcgccttcagtagcttctgaatgagccgagttcaccagtctccaggcaaggggctggagtgagtaatagatataaaagatgatggaagtcagatacaccatgcagactctgtgaagggcagattctccatctccaaagacaatgctaagaactctctgtatctgcaaatgaacactcagagagctgaggacgtggccgtgtatggctatacataaggt;63
Z29979|IGHV3-72*02|Homo sapiens|F|V-REGION|1..165|165 nt|1| | | | |165+0=165|partial in 5' and in 3' | |;accttcagtgaccactacatggactgggtccgccaggctccagggaaggggctggagtgggttggccgtactagaaacaaagctaacagctacaccacagaatacgccgcgtctgtgaaaggcagattcaccatctcaagagatgattcaaagaactcactgtat;-3
X92274|IGHV4-30-4*03|Homo sapiens|F|V-REGION|140..429|290 nt|1| | | | |290+0=290|partial in 3'| |;caggtgcagctgcaggagtcgggcccaggactggtgaagccttcacagaccctgtccctcacctgcactgtctctggtggctccatcagcagtggtgattactactggagttggatccgccagcccccagggaagggcctggagtggattgggtacatctattacagtgggagcacctactacaacccgtccctcaagagtcgagttaccatatcagtagacacgtccaagaaccagttctccctgaagctgagctctgtgactgccgcggacacggccgtgtattac;63
X92275|IGHV4-30-4*04|Homo sapiens|F|V-REGION|140..429|290 nt|1| | | | |290+0=290|partial in 3'| |;caggtgcagctgcaggactcgggcccaggactggtgaagccttcacagaccctgtccctcacctgcactgtctctggtggctccatcagcagtggtgattactactggagttggatccgccagcccccagggaagggcctggagtggattgggtacttctattacagtgggagcacctactacaacccgtccctcaagagtcgagttaccatatcagtagacacgtccaagaaccagttctccctgaagctgagctctgtgactgccgcagacacggccgtgtattac;63
X92270|IGHV4-31*06|Homo sapiens|F|V-REGION|140..429|290 nt|1| | | | |290+0=290|partial in 3'| |;caggtgcagctgcaggagtcgggcccaggactggtgaagccttcacagaccctgtccctcacctgcactgtctctggtggctccatcagcagtggtagttactactggagctggatccgccagcacccagggaagggcctggagtggattgggtacatctattacagtgggagcacctactacaacccgtccctcaagagtcgagttaccatatcagtagacacgtctaagaaccagttctccctgaagctgagctctgtgactgccgcggacacggccgtgtattac;63
X92271|IGHV4-31*07|Homo sapiens|F|V-REGION|140..429|290 nt|1| | | | |290+0=290|partial in 3'| |;caggtgcagctgcaggagtcgggcccaggactggtgaagccttcacagaccctgtccctcacctgcactgtctctggtggatccatcagcagtggtggttactactggagctggatccgccagcacccagggaagggcctggagtggattgggtacatctattacagtgggagcacctactacaacccgtccctcaagagtcgagttaccatatcagtagacacgtctaagaaccagttctccctgaagctgagctctgtgactgccgcggacacggccgtgtattac;63
X92272|IGHV4-31*08|Homo sapiens|F|V-REGION|140..429|290 nt|1| | | | |290+0=290|partial in 3'| |;caggtgcagctgcaggagtcgggcccaggactggtgaagccttcacagaccctgtccctcacctgcactgtctctggtggctccatcagcagtggtggttactactggagctggatccgccagcacccagggaagggcctggagtggattgggtacatctattacagtgggagcacctactacaacccgtccctcaagagtcgagttaccatatccgtagacacgtccaagaaccagttctccctgaagctgagctctgtgactgccgcggacacggccgtgtattac;63
X92273|IGHV4-31*09|Homo sapiens|F|V-REGION|140..429|290 nt|1| | | | |290+0=290|partial in 3'| |;caggtgcagctgcaggagtcgggcccaggactggtgaagccttcacagaccctgtccctcacctgcactgtctctggtggctccatcagcagtggtggttactactggagctggatccgccagcacccagggaagggcctggagtggattgggtacatctattacagtgggagcacctactacaacccgtccctcaagagtcgagttaccatatcagtagacaagtccaagaaccagttctccctgaagctgagctctgtgaccgccgcggacacggccgtgtattac;63
X92255|IGHV4-34*03|Homo sapiens|F|V-REGION|141..424|284 nt|1| | | | |284+0=284|partial in 3'| |;caggtgcagctacagcagtggggcgcaggactgttgaagccttcggagaccctgtccctcacctgcgctgtctatggtgggtccttcagtggttactactggagctggatccgccagcccccagggaaggggctggagtggattggggaaatcaatcatagtggaagcaccaactacaacccgtccctcaagagtcgagtcaccatatcagtagacacgtccaagaaccagttctccctgaagctgagctctgtgaccgccgcggacacggccgtgtattac;63
X92256|IGHV4-34*06|Homo sapiens|F|V-REGION|141..424|284 nt|1| | | | |284+0=284|partial in 3'| |;caggtgcagctacagcagtggggcgcaggactgttgaagccttcggagaccctgtccctcacctgcgctgtctatggtgggtccttcagtggttactactggagctggatccgccagcccccagggaaggggctggagtggattggggaaatcaatcatagtggaagcaccaactacaacccgtccctcaagagtcgagtcaccatatcagtagacacgtccaagaaccagttctccctgaagctgggctctgtgaccgccgcggacacggccgtgtattac;63
X92258|IGHV4-34*07|Homo sapiens|F|V-REGION|141..424|284 nt|1| | | | |284+0=284|partial in 3'| |;caggtgcagctacagcagtggggcgcaggactgttgaagccttcggagaccctgtccctcacctgcgctgtctatggtgggtccttcagtggttactactggagctggatccgccagcccccagggaaggggctggagtggattggggaaatcaaccatagtggaagcaccaactacaacccgtccctcaagagtcgagtcaccatatcagtagacacgtccaagaaccagttctccctgaagctgagctctgtgaccgccgcggacacggccgtgtattac;63
X92259|IGHV4-39*03|Homo sapiens|F|V-REGION|141..430|290 nt|1| | | | |290+0=290|partial in 3'| |;cagctgcagctgcaggagtcgggcccaggactggtgaagccttcggagaccctgtccctcacctgcactgtctctggtggctccatcagcagtagtagttactactggggctggatccgccagcccccagggaaggggctggagtggattgggagtatctattatagtgggagcacctactacaacccgtccctcaagagtcgagtcaccatatccgtagacacgtccaagaaccagttctccctgaagctgagctctgtgaccgccgcagacacggccgtgtattac;63
X92297|IGHV4-39*04|Homo sapiens|F|V-REGION|1..196|196 nt|3| | || |196+0=196|partial in 5' and in 3' | |;gctccatcagcagtagtagttactactggggctggatccgccagcccccagggaaggggctggagtggattgggagtatctattatagtgggagcacctactacaacccgtccctcaagagtcgagtcaccatatccgtagacacgtccaagaaccagttctccctgaagctgagctctgtgaccgccgcggaca;-3
X92252|IGHV4-4*03|Homo sapiens|F|V-REGION|140..426|287 nt|1| | | | |287+0=287|partial in 3'| |;caggtgcagctgcaggagtcgggcccaggactggtgaagcctccggggaccctgtccctcacctgcgctgtctctggtggctccatcagcagtagtaactggtggagttgggtccgccagcccccagggaaggggctggagtggattggggaaatctatcatagtgggagcaccaactacaacccgtccctcaagagtcgagtcaccatatcagtagacaagtccaagaaccagttctccctgaagctgagctctgtgaccgccgcggacacggccgtgtattac;63
X92253|IGHV4-4*04|Homo sapiens|F|V-REGION|140..426|287 nt|1| | | | |287+0=287|partial in 3'| |;caggtgcagctgcaggagtcgggcccaggactggtgaagcctccggggaccctgtccctcacctgcgctatctctggtggctccatcagcagtagtaactggtggagttgggtccgccagcccccagggaaggggctggagtggattggggaaatctatcatagtgggagcaccaactacaacccgtccctcaagagtcgagtcaccatatcagtagacaagtccaagaaccagttctccctgaagctgagctctgtgaccgccgcggacacggccgtgtattac;63
X92254|IGHV4-4*05|Homo sapiens|F|V-REGION|140..426|287 nt|1| | | | |287+0=287|partial in 3'| |;caggtgcagctgcaggagttgggcccaggactggtgaagcctccggggaccctgtccctcacctgcgctgtctctggtggctccatcagcagtagtaactggtggagttgggtccgccagcccccagggaaggggctggagtggattggggaaatctatcatagtgggagcaccaactacaacccgtccctcaagagtcgagtcaccatatcagtagacaagtccaagaaccagttctccctgaagctgagctctgtgaccgccgcggacacggccgtgtattac;63
X92263|IGHV4-55*03|Homo sapiens|P|V-REGION|141..427|287 nt|1| | | | |287+0=287|partial in 3'| |;caggtgcagctgcaggagtcgggcccaggactggtgaagccttcggagaccctgtccctcatctgcgctgtctctggtgactccatcagcagtggtaactggtgaatctgggtccgccagcccccagggaaggggctggagtggattggggaaatccatcatagtgggagcacctactacaacccgtccctcaagagtcgaatcaccatgtcagtagacacgtccaagaaccagttctccctgaagctgagctctgtgaccgccgcggacacggccgtgtattac;63
X92265|IGHV4-55*04|Homo sapiens|P|V-REGION|141..427|287 nt|1| | | | |287+0=287|partial in 3'| |;caggtgcagctgcaggagtcgggcccaggactggtgaagctttcggagaccctgtccctcatctgcgctgtctctggtgactccatcagcagtggtaactggtgaatctgggtccgccagcccccagggaaggggctggagtggattggggaaatccatcatagtgggagcacctactacaacccgtccctcaagagtcgaatcaccatgtcagtagacacgtccaagaaccagttctacctgaagctgagctctgtgaccgccgcggacacggccgtgtattac;63
X92266|IGHV4-55*05|Homo sapiens|P|V-REGION|141..427|287 nt|1| | | | |287+0=287|partial in 3'| |;caggtgcagctgcaggagtcgggcccaggactggtgaagctttcggagaccctgtccctcatctgcgctgtctctggtgactccatcagcagtggtaactggtgaatctgggtccgccagcccccagggaaggggctggagtggattggggaaatccatcatagtgggagcacctactacaacccgtccctcaagagtcgaatcaccatgtccgtagacacgtccaagaaccagttctacctgaagctgagctctgtgaccgccgcggacacggccgtgtattac;63
X92267|IGHV4-55*06|Homo sapiens|P|V-REGION|141..427|287 nt|1| | | | |287+0=287|partial in 3'| |;caggtgcagctgcaggagtcgggcccaggactggtgaagccttcggagaccctgtccctcatctgcgctgtctctggtgactccatcagcagtggtaactggtgaatctgggtccgccagcccccagggaaggggctggagtggattggggaaatccatcatagtgggagcacctactacaacccgtccctcaagagtcgaatcaccatgtccgtagacacgtccaagaagcagttctacctgaagctgagctctgtgaccgctgcggacacggccgtgtattac;63
X92268|IGHV4-55*07|Homo sapiens|P|V-REGION|141..427|287 nt|1| | | | |287+0=287|partial in 3'| |;caggtgcagctgcaggagtcgggcccaggactggtgaagccttcggagaccctgtccctcatctgcgctgtctctggtgactccatcagcagtggtaactggtgaatctgggtccgccagcccccagggaaggggctggagtggattggggaaatccatcatagtgggagcacctactacaacccgtccctcaagagtcgaatcaccatgtccgtagacacgtccaggaaccagttctccctgaagctgagctctgtgaccgccgcagacacggccgtgtattac;63
X92250|IGHV4-61*04|Homo sapiens|F|V-REGION|140..426|287 nt|1| | | | |287+0=287|partial in 3'| |;caggtgcagctgcaggagtcgggcccaggactggtgaagccttcggagaccctgtccctcacctgcactgtctctggtggctccgtcagcagtggtagttactactggagctggatccggcagcccccagggaagggactggagtggattggatatatctattacagtgggagcaccaactacaacccctccctcaagagtcgagtcaccatatcagtagacacgtccaagaaccagttctccctgaagctgagctctgtgaccgctgacacggccgtgtattac;63
X92290|IGHV7-4-1*03|Homo sapiens|F|V-REGION|1..274|274 nt|1| | | | |274+0=274|partial in 3'| |;caggtgcagctggtgcaatctgggtctgagttgaagaagcctggggcctcagtgaaggtttcctgcaaggcttctggatacaccttcactagctatgctatgaattgggtgcgacaggcccctggacaagggcttgagtggatgggatggatcaacaccaacactgggaacccaacgtatgcccagggcttcacaggacggtttgtcttctccttggacacctctgtcagcacggcatatctgcagatcagcacgctaaaggctgaggacact;63
